id,handle,first_name,last_name,email,street,city,state,state_animal,real_food_affinity_category_id,luxury_brand_affinity_category_id,tech_gadget_affinity_category_id,travel_affinity_category_id
1,vwykey0,Valerye,Wykey,vwykey0@ezinearticles.com,6 Surrey Avenue,Dallas,Texas,Giant anteater,1,7,9,14
2,lbrundale1,Lucienne,Brundale,lbrundale1@bloomberg.com,993 New Castle Court,Tacoma,Washington,Caracara (unidentified),3,5,10,16
4,shemphrey3,Sigfrid,Hemphrey,shemphrey3@yale.edu,14639 Elka Pass,Sacramento,California,"Goose, egyptian",1,6,9,14
5,nzoephel4,Norrie,Zoephel,nzoephel4@imgur.com,9315 Marcy Road,Van Nuys,California,"Turtle, eastern box",4,7,9,16
11,ktrewhellaa,Keary,Trewhella,ktrewhellaa@un.org,748 Esch Drive,Sacramento,California,Cattle egret,2,6,9,16
12,vchristofolb,Viola,Christofol,vchristofolb@booking.com,91066 Dapin Junction,Rochester,New York,"Macaque, japanese",3,5,10,14
13,vmontgomeryc,Vassily,Montgomery,vmontgomeryc@independent.co.uk,96812 Dapin Way,Albuquerque,New Mexico,Golden-mantled ground squirrel,1,5,10,15
14,cdavenalld,Christan,Davenall,cdavenalld@cmu.edu,8 Sage Avenue,Flint,Michigan,"Grenadier, common",1,26,9,15
17,ecouplandg,Emogene,Coupland,ecouplandg@soup.io,2242 Mandrake Drive,Manchester,New Hampshire,Red-necked wallaby,4,7,10,13
21,ebrosek,Elysha,Brose,ebrosek@google.de,92806 Maple Wood Road,Houston,Texas,Eurasian beaver,4,5,10,14
22,jmaddisonl,Julee,Maddison,jmaddisonl@tripod.com,37680 Eagle Crest Circle,Memphis,Tennessee,"Macaque, bonnet",1,8,10,13
23,aredfernem,Augustine,Redferne,aredfernem@newsvine.com,19622 Lillian Parkway,Gary,Indiana,White-tailed jackrabbit,1,6,9,14
25,tprinneo,Torre,Prinne,tprinneo@vkontakte.ru,251 Hanover Pass,Springfield,Illinois,Asiatic jackal,3,5,10,14
26,cbakhrushkinp,Cazzie,Bakhrushkin,cbakhrushkinp@networksolutions.com,817 Coleman Alley,Decatur,Illinois,Long-tailed skua,4,8,10,13
28,djimenor,Dionis,Jimeno,djimenor@hostgator.com,70424 Rusk Avenue,Sacramento,California,"Armadillo, giant",4,7,10,16
29,mmarquesss,Merrili,Marquess,mmarquesss@hostgator.com,3462 Milwaukee Pass,Oklahoma City,Oklahoma,Scaly-breasted lorikeet,2,8,9,15
31,asnoxellu,Auroora,Snoxell,asnoxellu@seattletimes.com,288 Valley Edge Lane,Nashville,Tennessee,"Antelope, four-horned",2,5,10,14
35,obrownscombey,Ofilia,Brownscombe,obrownscombey@eventbrite.com,889 Dixon Pass,Albany,New York,"Monkey, rhesus",4,8,10,16
38,dbaumadier11,Dermot,Baumadier,dbaumadier11@dmoz.org,6100 Westend Terrace,Spokane,Washington,Common long-nosed armadillo,1,5,9,13
39,dkeets12,Dieter,Keets,dkeets12@aboutads.info,80 Monument Junction,Tucson,Arizona,"Gull, silver",2,8,10,13
40,bjanousek13,Bobbee,Janousek,bjanousek13@arstechnica.com,50846 Emmet Crossing,Loretto,Minnesota,"Racer, blue",3,6,10,15
43,melleray16,Margo,Elleray,melleray16@last.fm,5543 Crownhardt Court,Fort Worth,Texas,"Otter, cape clawless",3,5,10,15
45,mrothermel18,Mandel,Rothermel,mrothermel18@sciencedaily.com,808 Gateway Junction,Dallas,Texas,Painted stork,2,5,10,13
48,mjonke1b,Maryanna,Jonke,mjonke1b@sun.com,3 Fordem Plaza,Silver Spring,Maryland,"Dragon, western bearded",4,7,9,14
51,abarmadier1e,Ardine,Barmadier,abarmadier1e@sina.com.cn,78450 Union Place,Providence,Rhode Island,"Bulbul, black-eyed",4,5,10,13
52,jcroston1f,Jessalin,Croston,jcroston1f@cargocollective.com,108 Bluejay Trail,Pasadena,California,"Crane, wattled",2,6,9,14
53,ufairbank1g,Ugo,Fairbank,ufairbank1g@ycombinator.com,56 Melvin Plaza,Lexington,Kentucky,"Eland, common",1,5,10,13
54,edawidowsky1h,Earvin,Dawidowsky,edawidowsky1h@com.com,9156 Barnett Hill,Nashville,Tennessee,"Falcon, peregrine",1,7,10,15
56,iluddy1j,Innis,Luddy,iluddy1j@godaddy.com,135 Village Road,Houston,Texas,Thirteen-lined squirrel,3,5,10,13
58,ltrevithick1l,Lexie,Trevithick,ltrevithick1l@flavors.me,7205 Petterle Place,Dayton,Ohio,Mississippi alligator,3,8,10,15
65,mkuhnhardt1s,Mirabel,Kuhnhardt,mkuhnhardt1s@cam.ac.uk,18 Buell Alley,Akron,Ohio,Bobcat,2,7,10,16
69,agyurko1w,Abbie,Gyurko,agyurko1w@loc.gov,3419 Schlimgen Terrace,Atlanta,Georgia,Water moccasin,1,7,10,14
70,dspurman1x,Derril,Spurman,dspurman1x@deviantart.com,9 Norway Maple Drive,Sacramento,California,Andean goose,4,7,9,13
71,rgourlay1y,Rees,Gourlay,rgourlay1y@e-recht24.de,91998 Bultman Parkway,San Jose,California,Civet cat,1,5,10,16
72,rklausen1z,Rosalia,Klausen,rklausen1z@live.com,7 Hagan Crossing,New Orleans,Louisiana,Pale-throated three-toed sloth,2,8,9,15
74,cpepis21,Charissa,Pepis,cpepis21@flickr.com,903 Schiller Parkway,Washington,District of Columbia,"Ringtail, common",2,7,10,16
75,eclavering22,Elvera,Clavering,eclavering22@e-recht24.de,5244 Lake View Crossing,Richmond,Virginia,Common mynah,2,8,9,14
80,sstrippling27,Sandie,Strippling,sstrippling27@blogspot.com,49 Jana Place,Carlsbad,California,Tammar wallaby,2,5,10,13
82,arunnicles29,Ailyn,Runnicles,arunnicles29@purevolume.com,41036 Pond Alley,Saint Louis,Missouri,"Pelican, brown",2,7,9,13
83,dperulli2a,Dionne,Perulli,dperulli2a@wikispaces.com,71 Butterfield Circle,El Paso,Texas,"Bettong, brush-tailed",1,5,9,13
84,lclevely2b,Leslie,Clevely,lclevely2b@netlog.com,3 Magdeline Point,Las Vegas,Nevada,Stone sheep,3,8,10,15
85,egulvin2c,Estrella,Gulvin,egulvin2c@ca.gov,1 Dahle Place,Concord,California,Blue-tongued skink,1,5,9,16
86,ableakman2d,Abby,Bleakman,ableakman2d@example.com,594 Debra Circle,Cheyenne,Wyoming,Small-spotted genet,1,7,9,13
87,hdommersen2e,Hagen,Dommersen,hdommersen2e@npr.org,2567 Pierstorff Drive,Decatur,Georgia,"Anteater, giant",1,5,10,16
89,lyakovliv2g,Latisha,Yakovliv,lyakovliv2g@technorati.com,3 Muir Crossing,Washington,District of Columbia,Nine-banded armadillo,4,7,9,16
91,lglyssanne2i,Lorne,Glyssanne,lglyssanne2i@usda.gov,3646 Goodland Plaza,Mobile,Alabama,"Catfish, blue",2,6,10,16
92,aeilert2j,Alexandre,Eilert,aeilert2j@cpanel.net,917 Paget Road,Orlando,Florida,Salmon pink bird eater tarantula,4,8,9,14
94,alinnitt2l,Ansley,Linnitt,alinnitt2l@webmd.com,08 Longview Terrace,Bronx,New York,Yellow-crowned night heron,2,5,10,16
95,rferrino2m,Rhett,Ferrino,rferrino2m@comsenz.com,7877 Center Road,Nashville,Tennessee,"Squirrel, uinta ground",2,8,10,13
96,echatband2n,Erin,Chatband,echatband2n@uiuc.edu,146 Briar Crest Junction,Oklahoma City,Oklahoma,Tailless tenrec,1,5,9,15
97,dkhomishin2o,Dasya,Khomishin,dkhomishin2o@facebook.com,58096 Thierer Junction,Miami,Florida,Yellow-billed hornbill,2,5,10,15
98,mpollie2p,Matty,Pollie,mpollie2p@google.com,3 Golf Circle,Whittier,California,"Heron, gray",3,8,10,16
99,acalrow2q,Ailene,Calrow,acalrow2q@bravesites.com,11726 Sage Circle,Los Angeles,California,"Bird, black-throated butcher",1,6,10,13
100,mcanland2r,Mal,Canland,mcanland2r@bloomberg.com,357 Meadow Vale Street,New York City,Montana,"Lion, southern sea",1,8,9,16
101,bbiggen2s,Berkley,Biggen,bbiggen2s@merriam-webster.com,1 Porter Park,Dallas,Texas,"Lemming, collared",3,5,10,15
107,kkeely2y,Kaylil,Keely,kkeely2y@fema.gov,8562 Montana Trail,Pittsburgh,Pennsylvania,"Hen, sage",4,8,9,16
109,spankethman30,Sarajane,Pankethman,spankethman30@ameblo.jp,8469 Division Trail,Metairie,Louisiana,Green-winged macaw,3,6,9,15
110,emaw31,Elysia,Maw,emaw31@ibm.com,2 Arrowood Crossing,Gadsden,Alabama,Jaguar,2,6,9,16
112,bsuttie33,Billye,Suttie,bsuttie33@weebly.com,16 Valley Edge Place,Omaha,Nebraska,"Squirrel, malabar",4,7,9,15
114,bozelton35,Brandice,Ozelton,bozelton35@discovery.com,13 Kensington Drive,Odessa,Texas,"Starling, red-shouldered glossy",1,5,9,14
117,sauten38,Sammy,Auten,sauten38@youku.com,47 Laurel Crossing,Tucson,Arizona,Brolga crane,3,6,10,15
119,kfidge3a,Kinny,Fidge,kfidge3a@nih.gov,814 Amoth Park,Raleigh,North Carolina,Common rhea,4,8,10,13
120,afanton3b,Arleyne,Fanton,afanton3b@noaa.gov,325 Bunting Pass,Minneapolis,Minnesota,"Crane, blue",2,6,10,15
122,mingreda3d,Missy,Ingreda,mingreda3d@forbes.com,7944 Lake View Circle,Santa Fe,New Mexico,"Penguin, fairy",3,5,9,15
123,bogavin3e,Bryan,O'Gavin,bogavin3e@flickr.com,3266 Schlimgen Crossing,Cincinnati,Ohio,"Tern, white-winged",4,7,9,14
124,vdoyly3f,Verna,D'Oyly,vdoyly3f@theatlantic.com,92 Mallory Pass,Saginaw,Michigan,"Shelduck, european",2,7,10,15
130,mhardypiggin3l,Melody,Hardy-Piggin,mhardypiggin3l@wordpress.com,63552 Brentwood Alley,El Paso,Texas,"Bulbul, black-fronted",1,6,9,15
133,gmacneilley3o,Gar,MacNeilley,gmacneilley3o@tinyurl.com,6 Golf Course Point,Kansas City,Missouri,"Cat, cape wild",3,6,9,13
134,emosey3p,Estel,Mosey,emosey3p@yale.edu,6 Brickson Park Alley,Jacksonville,Florida,"Pie, rufous tree",4,8,10,15
136,cabdee3r,Constantina,Abdee,cabdee3r@seattletimes.com,4529 Schmedeman Place,El Paso,Texas,Small-toothed palm civet,3,5,9,14
137,fhordle3s,Francois,Hordle,fhordle3s@networkadvertising.org,07 Mcbride Parkway,Richmond,Virginia,"Bee-eater, carmine",3,5,9,13
138,bhandsheart3t,Brunhilda,Handsheart,bhandsheart3t@newsvine.com,02 Porter Junction,Madison,Wisconsin,Black bear,1,5,10,16
140,challowes3v,Cherilynn,Hallowes,challowes3v@xinhuanet.com,60 Straubel Road,Las Vegas,Nevada,Giant anteater,1,6,10,14
146,hbygrave41,Halimeda,Bygrave,hbygrave41@jimdo.com,6 Sachs Point,El Paso,Texas,Pied butcher bird,2,5,9,16
147,rbrimming42,Rafa,Brimming,rbrimming42@theatlantic.com,84468 Riverside Road,Spokane,Washington,"Tern, white-winged",4,6,10,15
148,gkittoe43,Garrott,Kittoe,gkittoe43@apache.org,28 Esch Park,Scranton,Pennsylvania,Spotted deer,2,6,9,15
150,tashburne45,Tansy,Ashburne,tashburne45@fastcompany.com,5007 Huxley Park,Lancaster,Pennsylvania,"Blackbird, red-winged",4,7,10,16
151,ggoodread46,Gerianne,Goodread,ggoodread46@ameblo.jp,3732 Delaware Street,Seattle,Washington,"Whale, southern right",3,5,9,15
152,dmcnicol47,Danice,McNicol,dmcnicol47@rediff.com,45 Larry Hill,Sacramento,California,Frilled dragon,1,6,10,13
158,eputley4d,Ellie,Putley,eputley4d@prnewswire.com,7833 Lunder Place,Mobile,Alabama,"Gull, silver",3,7,9,14
162,cnorledge4h,Claudell,Norledge,cnorledge4h@cdc.gov,4 Reindahl Trail,Cleveland,Ohio,Savannah deer (unidentified),4,6,10,15
164,nkempton4j,Nessa,Kempton,nkempton4j@liveinternet.ru,5 Memorial Park,Kansas City,Missouri,Eastern box turtle,2,5,9,15
167,croyall4m,Clevey,Royall,croyall4m@artisteer.com,65259 Swallow Avenue,Milwaukee,Wisconsin,"Turtle, snake-necked",3,5,10,13
170,rdagger4p,Rustie,Dagger,rdagger4p@scribd.com,3979 Forster Parkway,North Las Vegas,Nevada,Zorilla,2,6,10,15
171,ncallander4q,Ned,Callander,ncallander4q@ucoz.com,532 Beilfuss Crossing,Oklahoma City,Oklahoma,Honey badger,3,6,10,15
172,tlindeboom4r,Taryn,Lindeboom,tlindeboom4r@slashdot.org,126 Continental Center,Portsmouth,Virginia,African clawless otter,1,7,10,16
177,mgillam4w,Moyna,Gillam,mgillam4w@miitbeian.gov.cn,912 Nancy Center,Staten Island,New York,Red-headed woodpecker,3,7,10,15
178,mlegrice4x,Michelina,Legrice,mlegrice4x@flickr.com,3 Lyons Road,Huntsville,Alabama,Black rhinoceros,4,6,10,14
180,fbrookson4z,Fraze,Brookson,fbrookson4z@desdev.cn,64649 Schlimgen Park,Charleston,South Carolina,"Gorilla, western lowland",1,7,9,16
182,cevitt51,Christie,Evitt,cevitt51@usnews.com,2 Golden Leaf Road,Omaha,Nebraska,Nubian bee-eater,4,7,9,13
183,pchampneys52,Putnam,Champneys,pchampneys52@pagesperso-orange.fr,734 Ludington Center,Atlanta,Georgia,"Sloth, two-toed tree",1,8,9,13
185,cwhines54,Celestyna,Whines,cwhines54@cornell.edu,060 Kinsman Pass,Washington,District of Columbia,"Macaque, pig-tailed",2,7,9,14
186,acondict55,Alicea,Condict,acondict55@bloglovin.com,3679 Browning Avenue,Springfield,Ohio,Blue shark,4,8,9,13
189,cmeech58,Corrianne,Meech,cmeech58@youtube.com,9 Thompson Road,Winter Haven,Florida,Steenbuck,4,7,10,15
191,emanketell5a,Ediva,Manketell,emanketell5a@earthlink.net,45 Warner Circle,Winston Salem,North Carolina,"Lizard, frilled",3,5,9,14
194,mcortes5d,Morgan,Cortes,mcortes5d@disqus.com,6582 Hayes Street,Seattle,Washington,Yellow-throated sandgrouse,2,5,9,16
196,sgoves5f,Sascha,Goves,sgoves5f@spiegel.de,7 Alpine Way,New York City,New York,"Sheep, stone",3,8,9,14
199,wgutcher5i,Wenona,Gutcher,wgutcher5i@about.com,9031 Sunbrook Alley,Billings,Montana,African red-eyed bulbul,3,5,9,14
200,dgutcher5j,Dix,Gutcher,dgutcher5j@springer.com,8755 Menomonie Hill,Indianapolis,Indiana,"Blackbird, red-winged",3,8,10,16
201,msuddaby5k,Mora,Suddaby,msuddaby5k@about.me,550 Pearson Terrace,Trenton,New Jersey,"Duck, blue",3,7,9,14
202,hboam5l,Haleigh,Boam,hboam5l@mapquest.com,72388 Hovde Alley,Boca Raton,Florida,Cook's tree boa,2,6,9,15
204,eferries5n,Elvis,Ferries,eferries5n@npr.org,807 Maryland Center,Monticello,Minnesota,Toddy cat,2,7,9,15
205,ppinwell5o,Pieter,Pinwell,ppinwell5o@sitemeter.com,7 Spaight Lane,Nashville,Tennessee,Giant girdled lizard,4,7,9,14
211,vsanham5u,Vanni,Sanham,vsanham5u@sun.com,349 1st Street,Saint Louis,Missouri,Long-tailed spotted cat,4,5,9,13
212,ccrosoer5v,Corinne,Crosoer,ccrosoer5v@nasa.gov,0908 Warbler Crossing,Pittsburgh,Pennsylvania,Blue-breasted cordon bleu,4,6,10,14
216,bstruis5z,Barrie,Struis,bstruis5z@bbc.co.uk,4 Towne Lane,Kansas City,Missouri,Brown hyena,2,7,10,14
222,wstokoe65,Wandis,Stokoe,wstokoe65@symantec.com,62 Corscot Plaza,Las Vegas,Nevada,"Cormorant, king",2,8,10,14
223,lolive66,Lazare,Olive,lolive66@google.co.jp,7338 8th Court,Durham,North Carolina,Agile wallaby,2,7,10,16
228,gbarker6b,Gilli,Barker,gbarker6b@utexas.edu,8097 Miller Street,Tampa,Florida,Slender loris,2,5,10,13
231,kdenkel6e,Karin,Denkel,kdenkel6e@macromedia.com,573 Morningstar Parkway,Minneapolis,Minnesota,Rock dove,1,6,9,16
232,tpietruszewicz6f,Tabatha,Pietruszewicz,tpietruszewicz6f@who.int,96 Schurz Terrace,Columbus,Ohio,"Sheathbill, snowy",4,8,9,15
234,vammer6h,Vallie,Ammer,vammer6h@prlog.org,8 Clyde Gallagher Park,Kansas City,Missouri,Civet cat,2,5,9,14
236,hziemke6j,Hanan,Ziemke,hziemke6j@macromedia.com,70202 Claremont Circle,Houston,Texas,"Spoonbill, european",4,6,9,14
238,onoller6l,Ofelia,Noller,onoller6l@uol.com.br,8287 Fairview Way,Evanston,Illinois,Hoffman's sloth,4,7,10,13
240,ngrierson6n,Nanete,Grierson,ngrierson6n@list-manage.com,56 Northwestern Avenue,Charlotte,North Carolina,Killer whale,4,6,9,15
244,blinford6r,Burnard,Linford,blinford6r@dmoz.org,8 Welch Way,Tacoma,Washington,"Lemur, brown",4,7,9,15
248,cdraycott6v,Cchaddie,Draycott,cdraycott6v@github.com,9414 Waxwing Parkway,Toledo,Ohio,Pale white-eye,3,6,9,13
249,nswinfon6w,Nester,Swinfon,nswinfon6w@fc2.com,1285 Towne Way,Watertown,Massachusetts,Green vine snake,2,8,9,15
250,wskain6x,Wakefield,Skain,wskain6x@blogspot.com,65340 Sunbrook Park,Tulsa,Oklahoma,Springhare,1,6,9,14
254,mwase71,Maddi,Wase,mwase71@seattletimes.com,602 Roxbury Junction,Brooklyn,New York,North American river otter,4,8,10,15
256,cthorley73,Caren,Thorley,cthorley73@netscape.com,427 Cody Alley,Indianapolis,Indiana,"Creeper, black-tailed tree",1,5,9,16
257,aangus74,Arman,Angus,aangus74@topsy.com,68 Anderson Plaza,Lake Charles,Louisiana,Striped hyena,3,7,10,16
258,rbackes75,Remus,Backes,rbackes75@ovh.net,8494 6th Drive,Pensacola,Florida,"Wagtail, african pied",3,8,9,13
261,gdruhan78,Gaspard,Druhan,gdruhan78@hexun.com,6387 Vermont Alley,Miami,Florida,Musk ox,1,5,10,13
262,pcarlisso79,Pepita,Carlisso,pcarlisso79@bbb.org,314 Eagle Crest Center,Topeka,Kansas,"Snake, buttermilk",3,5,9,14
266,gfolcarelli7d,Gar,Folcarelli,gfolcarelli7d@google.pl,89 Transport Pass,Gary,Indiana,"Squirrel, eastern fox",1,8,10,13
267,vmccloughlin7e,Vernon,McCloughlin,vmccloughlin7e@scribd.com,6253 Union Way,Philadelphia,Pennsylvania,Giant heron,2,7,10,13
273,kvaughton7k,Katya,Vaughton,kvaughton7k@princeton.edu,14 Steensland Center,Fort Lauderdale,Florida,"Spurfowl, yellow-necked",1,7,9,16
275,vdegiorgis7m,Vanya,De Giorgis,vdegiorgis7m@canalblog.com,03968 Eagan Park,Atlanta,Georgia,Burmese brown mountain tortoise,1,6,10,14
278,cfife7p,Corly,Fife,cfife7p@instagram.com,2052 Tennessee Terrace,Nashville,Tennessee,African polecat,1,6,9,15
279,dplessing7q,Dwayne,Plessing,dplessing7q@e-recht24.de,9 Eagle Crest Parkway,Tyler,Texas,"Baboon, chacma",2,5,10,15
282,epottes7t,Emmeline,Pottes,epottes7t@people.com.cn,0837 Hoffman Lane,Myrtle Beach,South Carolina,Arctic fox,2,6,9,16
285,ikleanthous7w,Issie,Kleanthous,ikleanthous7w@nationalgeographic.com,627 Bay Way,Fresno,California,"Dove, white-winged",3,6,10,16
286,mmccrorie7x,Mitzi,McCrorie,mmccrorie7x@privacy.gov.au,07296 American Junction,Trenton,New Jersey,Indian star tortoise,3,6,9,14
287,mtapply7y,Maud,Tapply,mtapply7y@slideshare.net,88856 Lindbergh Park,Saint Louis,Missouri,"Cobra, egyptian",3,5,9,13
288,vgratland7z,Victoir,Gratland,vgratland7z@ucoz.com,0253 Norway Maple Avenue,Phoenix,Arizona,Cape white-eye,1,8,9,14
289,jtivnan80,Joeann,Tivnan,jtivnan80@e-recht24.de,2 Glendale Road,Houston,Texas,Crowned eagle,1,5,10,16
290,eregglar81,Estelle,Regglar,eregglar81@skype.com,4527 Beilfuss Street,Flushing,New York,Ring-tailed coatimundi,3,5,10,14
291,pmerali82,Paloma,Merali,pmerali82@china.com.cn,661 Tennessee Road,Kansas City,Missouri,Snowy egret,3,8,10,16
292,lcocksedge83,Larry,Cocksedge,lcocksedge83@trellian.com,4221 Longview Avenue,Atlanta,Georgia,Red-tailed phascogale,2,5,10,13
293,mmiddlehurst84,Mina,Middlehurst,mmiddlehurst84@businesswire.com,21 Leroy Street,Washington,District of Columbia,"Duiker, common",3,7,10,16
294,bhumphrys85,Bennie,Humphrys,bhumphrys85@networksolutions.com,3 Farragut Drive,York,United Kingdom,Emerald-spotted wood dove,3,7,10,14
295,marber86,Meghan,Arber,marber86@cisco.com,034 Lotheville Place,Portland,Oregon,Four-striped grass mouse,2,6,9,14
297,etoye88,Eduard,Toye,etoye88@bizjournals.com,61 Mandrake Street,Portland,Oregon,Asian lion,4,7,10,16
299,mlawly8a,Min,Lawly,mlawly8a@yandex.ru,79 Namekagon Center,Miami Beach,Florida,Llama,3,8,10,16
304,stamblingson8f,Skye,Tamblingson,stamblingson8f@hud.gov,2415 Gale Park,Columbia,South Carolina,"Cat, native",3,7,9,14
307,cberk8i,Chery,Berk,cberk8i@acquirethisname.com,047 Hoard Park,Wichita,Kansas,Magistrate black colobus,4,7,10,13
310,lgroarty8l,Lanna,Groarty,lgroarty8l@amazon.com,70274 Paget Lane,Littleton,Colorado,"Armadillo, nine-banded",3,8,10,16
316,hjoutapaitis8r,Hadlee,Joutapaitis,hjoutapaitis8r@forbes.com,3948 Monica Parkway,Fairbanks,Alaska,"Snake, carpet",4,5,10,14
317,gwylie8s,Genni,Wylie,gwylie8s@seattletimes.com,490 Sommers Plaza,West Palm Beach,Florida,"Coot, red-knobbed",2,8,10,13
318,chounsom8t,Celestyn,Hounsom,chounsom8t@imgur.com,47866 Mosinee Pass,Corpus Christi,Texas,Mandras tree shrew,2,5,9,13
320,hgioani8v,Halsey,Gioani,hgioani8v@nyu.edu,800 Buena Vista Alley,San Diego,California,Australian sea lion,3,8,10,13
321,gwilber8w,Goddard,Wilber,gwilber8w@wiley.com,54 Barby Pass,Springfield,Ohio,Sugar glider,2,7,10,14
323,haxby8y,Horten,Axby,haxby8y@uol.com.br,73 Stone Corner Drive,New Bedford,Massachusetts,White-throated kingfisher,1,8,10,14
324,erewcassell8z,Elston,Rewcassell,erewcassell8z@stanford.edu,937 Burning Wood Pass,Philadelphia,Pennsylvania,"Lemming, arctic",3,5,10,15
325,sfarmiloe90,Shaylynn,Farmiloe,sfarmiloe90@samsung.com,0675 Prairieview Court,Sandy,Utah,Cuis,2,5,10,13
329,cfrancescuccio94,Chelsae,Francescuccio,cfrancescuccio94@ocn.ne.jp,4 Judy Place,Seminole,Florida,Kafue flats lechwe,1,5,9,16
330,pscryne95,Patty,Scryne,pscryne95@meetup.com,6 Paget Place,Denver,Colorado,Brindled gnu,4,8,10,16
332,bveljes97,Barney,Veljes,bveljes97@fda.gov,566 Manitowish Pass,Philadelphia,Pennsylvania,Ringtail cat,4,5,10,15
334,sgarlicke99,Shelby,Garlicke,sgarlicke99@networkadvertising.org,3 Laurel Trail,Jacksonville,Florida,Carpet snake,3,8,9,13
336,dmckeurtan9b,Dyanne,McKeurtan,dmckeurtan9b@twitter.com,52664 Graceland Avenue,Louisville,Kentucky,Tsessebe,1,6,9,16
342,dkivlin9h,Daphene,Kivlin,dkivlin9h@tmall.com,5 Killdeer Drive,Chicago,Illinois,Topi,1,6,10,14
343,jnoell9i,Jonathan,Noell,jnoell9i@flavors.me,1333 Crescent Oaks Street,Phoenix,Arizona,Mountain lion,3,6,10,16
344,mhayman9j,Marielle,Hayman,mhayman9j@shareasale.com,84 Morrow Road,Pittsburgh,Pennsylvania,"Bettong, brush-tailed",3,6,9,14
347,blockless9m,Bevin,Lockless,blockless9m@gmpg.org,02 Texas Crossing,Schenectady,New York,"Shark, blue",3,6,10,16
348,kmccaghan9n,Kareem,Mc Caghan,kmccaghan9n@nasa.gov,9 Bartillon Circle,Houston,Texas,"Mongoose, yellow",1,6,9,15
350,bschaffler9p,Beverley,Schaffler,bschaffler9p@hhs.gov,24882 Emmet Point,Shreveport,Louisiana,Prairie falcon,2,5,9,13
351,johearn9q,Jocelin,O'Hearn,johearn9q@posterous.com,02 Dottie Trail,Van Nuys,California,Indian leopard,4,8,9,15
353,ktatteshall9s,Kristo,Tatteshall,ktatteshall9s@bravesites.com,23 Londonderry Way,Newark,Delaware,"Heron, yellow-crowned night",1,5,10,14
354,bbosworth9t,Bonnibelle,Bosworth,bbosworth9t@fda.gov,32 Erie Place,Houston,Texas,"Albatross, waved",3,7,9,13
355,sjayme9u,Sharla,Jayme,sjayme9u@cmu.edu,71 Drewry Drive,Syracuse,New York,"Shrike, crimson-breasted",4,5,9,13
357,nondracek9w,Norah,Ondracek,nondracek9w@dion.ne.jp,78604 Lindbergh Street,Miami,Florida,"Zebra, plains",2,5,10,15
358,adionis9x,Arie,Dionis,adionis9x@patch.com,11031 Crest Line Terrace,Oklahoma City,Oklahoma,Radiated tortoise,1,7,9,16
360,ccotta9z,Christabel,Cotta,ccotta9z@toplist.cz,60451 Farragut Crossing,Jacksonville,Florida,"Cormorant, great",2,8,10,16
361,dpainswicka0,Dun,Painswick,dpainswicka0@cmu.edu,482 Loftsgordon Trail,Milwaukee,Wisconsin,Asian red fox,1,5,10,15
362,jbrahma1,Jilly,Brahm,jbrahma1@geocities.jp,825 Waywood Court,Norfolk,Virginia,Crested porcupine,1,8,9,14
363,fcristofaninia2,Fayette,Cristofanini,fcristofaninia2@pagesperso-orange.fr,79 Nelson Street,El Paso,Texas,Common zebra,1,8,10,15
365,dwalentaa4,Deb,Walenta,dwalentaa4@wsj.com,24183 Twin Pines Trail,San Francisco,California,Steller sea lion,1,5,10,16
367,apulsforda6,Angil,Pulsford,apulsforda6@cmu.edu,5 Melvin Hill,Spring,Texas,"Cormorant, pied",4,7,10,13
368,tgatherella7,Trudey,Gatherell,tgatherella7@imageshack.us,9 Sachtjen Plaza,Idaho Falls,Idaho,Eurasian beaver,4,8,9,15
370,athulborna9,Aldus,Thulborn,athulborna9@naver.com,0548 Towne Center,Lynn,Massachusetts,"Oryx, beisa",4,5,9,16
371,spadburyaa,Sallee,Padbury,spadburyaa@homestead.com,7906 Welch Parkway,Tallahassee,Florida,"Badger, european",1,7,10,14
376,gchittendenaf,Gayle,Chittenden,gchittendenaf@gov.uk,74 Village Green Park,Santa Cruz,California,Greater blue-eared starling,3,7,9,16
380,pbateripaj,Patton,Baterip,pbateripaj@merriam-webster.com,1 Morningstar Avenue,Waterbury,Connecticut,"Pheasant, common",3,8,10,16
382,kpughal,Katina,Pugh,kpughal@paypal.com,8858 Shasta Park,San Antonio,Texas,Griffon vulture,3,6,9,13
383,lpantoneam,Linn,Pantone,lpantoneam@vimeo.com,9661 Sullivan Road,Kingsport,Tennessee,Zorilla,4,5,10,16
385,pvoasao,Pinchas,Voas,pvoasao@altervista.org,825 Buena Vista Parkway,Columbia,Missouri,Griffon vulture,3,7,10,14
386,rjestap,Robinson,Jest,rjestap@furl.net,81 4th Circle,Washington,District of Columbia,European beaver,4,6,10,14
387,ddobrowolnyaq,Daloris,Dobrowolny,ddobrowolnyaq@wunderground.com,0266 Coolidge Park,Augusta,Georgia,"Rhinoceros, white",3,8,10,15
390,rsylvaineat,Robyn,Sylvaine,rsylvaineat@topsy.com,66 Armistice Terrace,Philadelphia,Pennsylvania,Spotted deer,2,6,10,13
393,gakkeraw,Gar,Akker,gakkeraw@sciencedaily.com,827 Scott Road,Washington,District of Columbia,Campo flicker,4,7,10,15
395,acalveray,Allys,Calver,acalveray@unicef.org,8105 Quincy Hill,Rochester,New York,"Jackal, asiatic",1,8,9,15
397,tjosselsonb0,Tonia,Josselson,tjosselsonb0@ted.com,611 Sloan Lane,Shawnee Mission,Kansas,Gulls (unidentified),1,7,9,13
398,gjowlingb1,Gaby,Jowling,gjowlingb1@networksolutions.com,181 Manley Trail,Concord,California,"Flicker, campo",4,6,9,15
400,eyakovlevb3,Emmett,Yakovlev,eyakovlevb3@wufoo.com,73759 Gerald Court,Harrisburg,Pennsylvania,"Lark, horned",4,7,10,14
403,dsergantb6,Deidre,Sergant,dsergantb6@zimbio.com,41 Lotheville Crossing,Washington,District of Columbia,Little grebe,3,8,9,16
404,ayeliashevb7,Arne,Yeliashev,ayeliashevb7@weebly.com,69 Dawn Alley,Charlotte,North Carolina,"Baboon, gelada",1,8,10,15
408,dgiovannaccibb,Daisie,Giovannacc@i,dgiovannaccibb@twitpic.com,17 Michigan Pass,Jacksonville,Florida,"Cat, european wild",1,7,9,16
409,ateasdalemarkiebc,Alvie,Teasdale-Markie,ateasdalemarkiebc@phoca.cz,946 1st Parkway,Augusta,Georgia,Platypus,1,7,10,13
411,aayscoughbe,Ashla,Ayscough,aayscoughbe@technorati.com,888 Myrtle Road,Fort Myers,Florida,Burmese black mountain tortoise,1,7,10,13
412,wleaverbf,West,Leaver,wleaverbf@moonfruit.com,1 Lighthouse Bay Road,Phoenix,Arizona,"Spoonbill, european",3,5,10,15
414,midwalevansbh,Marlane,Idwal Evans,midwalevansbh@dyndns.org,64779 Novick Lane,Newport News,Virginia,Coqui francolin,4,7,10,14
416,alefeuvrebj,Ava,Le feuvre,alefeuvrebj@artisteer.com,050 Crescent Oaks Point,Pinellas Park,Florida,"Boa, columbian rainbow",4,6,10,15
417,sattestonebk,Shep,Atte-Stone,sattestonebk@clickbank.net,578 American Ash Drive,Odessa,Texas,"Insect, stick",3,8,9,16
421,aadlambo,Anderson,Adlam,aadlambo@theatlantic.com,549 Washington Junction,Indianapolis,Indiana,Lesser flamingo,1,6,10,16
424,mvareybr,Marcel,Varey,mvareybr@over-blog.com,4 North Junction,Little Rock,Arkansas,Sidewinder,3,8,10,14
425,rchatellbs,Ronalda,Chatell,rchatellbs@1688.com,7969 Butterfield Avenue,Pittsburgh,Pennsylvania,Bushbuck,3,5,9,14
428,etinlinebv,Ettore,Tinline,etinlinebv@constantcontact.com,9658 Farmco Court,Saint Petersburg,Florida,Chimpanzee,3,7,10,15
432,sdepietribz,Shaw,De Pietri,sdepietribz@biglobe.ne.jp,8 Harbort Terrace,Lexington,Kentucky,Black-backed magpie,2,7,9,13
433,amckinnonc0,Aggi,McKinnon,amckinnonc0@nasa.gov,52479 Novick Crossing,Jamaica,New York,"Fox, arctic",3,6,9,14
434,afavellec1,Amelia,Favelle,afavellec1@reuters.com,48 Hagan Court,Washington,District of Columbia,"Zorro, common",1,5,10,15
435,vgarshorec2,Vincents,Garshore,vgarshorec2@google.com,525 Northport Lane,Newcastle,United Kingdom,Bateleur eagle,1,7,9,16
437,csymmonsc4,Chrissy,Symmons,csymmonsc4@state.tx.us,57 Bluejay Avenue,Roanoke,Virginia,Brush-tailed bettong,3,7,10,14
438,lhathwoodc5,Lewie,Hathwood,lhathwoodc5@rambler.ru,158 Westerfield Place,Nashville,Tennessee,Agouti,1,6,9,15
439,gsamwaysc6,Gloriana,Samways,gsamwaysc6@oracle.com,4991 Hermina Point,Denton,Texas,Klipspringer,4,5,9,16
444,galbrookcb,Gretna,Albrook,galbrookcb@google.es,90317 Morning Circle,New York City,New York,Little cormorant,3,8,10,13
446,pmenerecd,Patience,Menere,pmenerecd@reference.com,2368 Michigan Center,Fresno,California,Raccoon dog,1,8,9,13
448,sviggarscf,Shanda,Viggars,sviggarscf@uiuc.edu,4 Grover Junction,Las Vegas,Nevada,Denham's bustard,3,7,9,14
456,emebiuscn,Eziechiele,Mebius,emebiuscn@mozilla.com,936 Luster Parkway,Dayton,Ohio,"Lynx, african",4,7,10,15
461,nhuecs,Nanni,Hue,nhuecs@nytimes.com,5 Sloan Street,Hartford,Connecticut,White-cheeked pintail,4,7,9,15
462,sbadgerct,Simeon,Badger,sbadgerct@wsj.com,768 Sheridan Street,Columbus,Georgia,Four-horned antelope,3,7,10,16
471,smundeed2,Scottie,Mundee,smundeed2@list-manage.com,3 Maple Wood Crossing,Los Angeles,California,Puma,1,5,10,13
472,bmacgibbond3,Bamby,MacGibbon,bmacgibbond3@time.com,099 Grasskamp Park,Dallas,Texas,Black curlew,3,7,10,14
484,eyushachkovdf,Ezri,Yushachkov,eyushachkovdf@sbwire.com,7 Del Sol Street,New Castle,Pennsylvania,"Crane, sarus",2,7,9,13
491,dpickerelldm,Duffy,Pickerell,dpickerelldm@nationalgeographic.com,5337 Redwing Place,Pittsburgh,Pennsylvania,Ring dove,1,8,9,14
494,gnaisbittdp,Gertrud,Naisbitt,gnaisbittdp@about.me,06202 Stoughton Avenue,Beaverton,Oregon,"Hornbill, leadbeateri's ground",3,8,9,13
495,mgormallydq,Morly,Gormally,mgormallydq@yale.edu,9 Russell Pass,Garden Grove,California,"Hyena, spotted",4,7,9,13
497,qbuxamds,Quentin,Buxam,qbuxamds@lulu.com,653 Granby Junction,Aurora,Colorado,Gaur,2,5,10,14
498,kmansourdt,Karlis,Mansour,kmansourdt@xing.com,96 Village Parkway,Torrance,California,Roe deer,3,7,9,16
502,sstokesdx,Shaylyn,Stokes,sstokesdx@usnews.com,538 Sunfield Circle,York,Pennsylvania,"Starfish, crown of thorns",2,5,10,14
503,agambledy,Anna-diane,Gamble,agambledy@home.pl,012 Jay Avenue,Fort Worth,Texas,"Bleu, blue-breasted cordon",1,8,9,13
504,abarthoddz,Alexandra,Barthod,abarthoddz@berkeley.edu,868 Alpine Road,Grand Rapids,Michigan,"White-eye, cape",3,8,10,15
514,ctullote9,Cariotta,Tullot,ctullote9@disqus.com,797 Green Hill,Boston,Massachusetts,"Waxbill, blue",1,6,9,15
515,mcarmanea,Margette,Carman,mcarmanea@elegantthemes.com,54 Basil Place,Newark,New Jersey,Northern elephant seal,2,5,9,13
517,nhunnaballec,Netti,Hunnaball,nhunnaballec@barnesandnoble.com,70 Meadow Valley Road,North Las Vegas,Nevada,Musk ox,3,5,10,14
521,wembletoneg,Wynn,Embleton,wembletoneg@telegraph.co.uk,03662 Oak Valley Terrace,Lehigh Acres,Florida,Cape wild cat,1,8,10,16
522,fkhidreh,Fletch,Khidr,fkhidreh@go.com,325 Tony Avenue,Washington,District of Columbia,Bontebok,1,8,9,13
523,rroyansei,Randy,Royans,rroyansei@google.de,001 Hooker Park,Charlotte,North Carolina,"Albatross, waved",2,8,9,15
525,wcarnelleyek,Wyn,Carnelley,wcarnelleyek@pagesperso-orange.fr,78544 John Wall Lane,Dayton,Ohio,"Beaver, american",2,8,10,14
527,tslyfordem,Tommie,Slyford,tslyfordem@pbs.org,513 Dexter Circle,Columbus,Ohio,"Whale, baleen",4,6,9,16
534,ladriaanet,Leon,Adriaan,ladriaanet@weather.com,89 Rieder Terrace,Terre Haute,Indiana,Bottle-nose dolphin,4,6,10,13
536,aingleseev,Aurie,Inglese,aingleseev@xing.com,085 Eliot Terrace,Morgantown,West Virginia,"Lark, horned",2,7,10,16
537,lmacerew,Lionel,Macer,lmacerew@topsy.com,895 Hagan Road,Pasadena,California,"Oystercatcher, blackish",2,8,10,13
538,megeex,Maxy,Ege,megeex@businessweek.com,9 Haas Lane,San Diego,California,"Heron, striated",3,8,9,14
540,lgoldsbroughez,Lynna,Goldsbrough,lgoldsbroughez@woothemes.com,20 Farmco Hill,Omaha,Nebraska,"Bee-eater, white-fronted",3,7,10,13
541,lbewseyf0,Loria,Bewsey,lbewseyf0@nps.gov,290 Spohn Avenue,Las Cruces,New Mexico,Blackish oystercatcher,4,6,9,15
542,cstockleyf1,Charmine,Stockley,cstockleyf1@cargocollective.com,3310 Comanche Terrace,Boulder,Colorado,Tawny eagle,2,6,10,14
544,carnetf3,Carlen,Arnet,carnetf3@engadget.com,34 Old Shore Way,Evansville,Indiana,Egyptian vulture,4,8,9,16
545,mschimankf4,Markus,Schimank,mschimankf4@dagondesign.com,67998 Twin Pines Pass,Chicago,Illinois,"Kangaroo, black-faced",4,7,10,14
548,ssleithf7,Sheffy,Sleith,ssleithf7@nifty.com,0814 Hallows Way,Washington,District of Columbia,"Civet, small-toothed palm",2,6,9,14
549,agooldenf8,Amitie,Goolden,agooldenf8@redcross.org,648 Maple Wood Hill,Shawnee Mission,Kansas,Crab-eating raccoon,1,7,9,13
550,kshayesf9,Kanya,Shayes,kshayesf9@sfgate.com,82527 Elmside Court,Washington,District of Columbia,"Stork, marabou",2,6,9,16
551,pwiggansfa,Padgett,Wiggans,pwiggansfa@earthlink.net,56184 Northview Crossing,Greenville,South Carolina,"Lemming, collared",2,5,10,13
552,aklinefb,Andre,Kline,aklinefb@opensource.org,8 Cherokee Circle,Bronx,New York,Uinta ground squirrel,4,6,10,14
554,glotheringtonfd,Garvey,Lotherington,glotheringtonfd@hatena.ne.jp,99918 Marcy Avenue,Chicago,Illinois,"Kiskadee, great",4,6,10,16
559,cbarnwallfi,Cathy,Barnwall,cbarnwallfi@51.la,1112 Sloan Circle,Tucson,Arizona,"Squirrel, african bush",3,8,10,14
560,jcolecroughfj,Joscelin,Colecrough,jcolecroughfj@skype.com,84 Lotheville Street,Lincoln,Nebraska,Ring dove,4,6,9,15
562,smalecfl,Svend,Malec,smalecfl@chicagotribune.com,27 Bunker Hill Drive,Honolulu,Hawaii,Hanuman langur,2,7,9,16
563,hpomfreyfm,Haleigh,Pomfrey,hpomfreyfm@engadget.com,58 Morning Lane,El Paso,Texas,"Stork, european",3,26,9,13
567,jmerrellfq,Judy,Merrell,jmerrellfq@scientificamerican.com,79609 Miller Park,Texarkana,Texas,Common ringtail,1,6,10,14
569,ltruswellfs,Lek,Truswell,ltruswellfs@macromedia.com,33483 Schmedeman Parkway,El Paso,Texas,Hawk-headed parrot,4,7,9,15
570,zvongladbachft,Zachary,Von Gladbach,zvongladbachft@google.nl,024 Carioca Alley,Phoenix,Arizona,Grant's gazelle,3,6,9,14
572,gcommuccifv,Giffy,Commucci,gcommuccifv@nytimes.com,3392 Declaration Crossing,Carlsbad,California,Nyala,3,5,10,15
575,smckeighanfy,Sybila,McKeighan,smckeighanfy@so-net.ne.jp,74 American Park,Las Cruces,New Mexico,Sociable weaver,4,5,10,14
577,nsmolang0,Noel,Smolan,nsmolang0@mapquest.com,139 Troy Center,Milwaukee,Wisconsin,Arboral spiny rat,2,7,10,14
579,ecattermoulg2,Ev,Cattermoul,ecattermoulg2@livejournal.com,929 Pennsylvania Pass,Bethesda,Maryland,Puna ibis,4,5,10,15
585,rcrawg8,Rog,Craw,rcrawg8@jalbum.net,4923 East Court,Bonita Springs,Florida,"Cat, civet",4,7,9,14
586,jmertschingg9,Jania,Mertsching,jmertschingg9@amazon.com,786 Morrow Trail,Philadelphia,Pennsylvania,"Woodpecker, downy",2,7,9,15
592,lgreevesongf,Lena,Greeveson,lgreevesongf@creativecommons.org,88 Fallview Lane,Topeka,Kansas,"Penguin, fairy",3,5,9,16
594,hrobeirogh,Hilda,Robeiro,hrobeirogh@yale.edu,502 Norway Maple Center,Pocatello,Idaho,"Antelope, sable",4,7,9,16
597,esauvangk,Ertha,Sauvan,esauvangk@ebay.co.uk,07 Pankratz Circle,Winter Haven,Florida,"Shark, blue",3,5,10,16
601,wschlaghgo,Welbie,Schlagh,wschlaghgo@geocities.jp,4 Kingsford Road,Philadelphia,Pennsylvania,Cereopsis goose,1,7,10,13
604,rfitzalangr,Rollin,FitzAlan,rfitzalangr@printfriendly.com,9 Banding Terrace,Anchorage,Alaska,"Porcupine, african",4,5,10,15
605,wferronegs,Westley,Ferrone,wferronegs@walmart.com,19 Bunting Plaza,Danbury,Connecticut,Two-toed sloth,3,7,10,15
606,kmogragt,Kesley,Mogra,kmogragt@slashdot.org,62511 Washington Crossing,Los Angeles,California,Black-throated cardinal,3,5,9,14
609,jarlottgw,Jilleen,Arlott,jarlottgw@instagram.com,1 Red Cloud Place,Houston,Texas,"Monkey, rhesus",3,7,9,15
610,sgrayshongx,Saundra,Grayshon,sgrayshongx@creativecommons.org,7 Barnett Road,Charleston,South Carolina,American bighorn sheep,3,8,9,14
612,dblackneygz,Di,Blackney,dblackneygz@statcounter.com,81 Lillian Alley,Lima,Ohio,Collared lizard,2,8,10,14
613,rlynaghh0,Riki,Lynagh,rlynaghh0@jigsy.com,70096 Spenser Lane,Englewood,Colorado,"Kingfisher, pied",2,5,10,15
617,pgoodbarneh4,Phelia,Goodbarne,pgoodbarneh4@hexun.com,26 Florence Way,Charlotte,North Carolina,Japanese macaque,4,7,9,16
620,rwaistellh7,Rhody,Waistell,rwaistellh7@t.co,00010 Schmedeman Trail,Topeka,Kansas,White-winged tern,4,5,10,15
621,fblackerh8,Faye,Blacker,fblackerh8@technorati.com,93 Bultman Plaza,Portland,Oregon,"Pie, indian tree",1,8,10,14
623,pcreeganha,Phip,Creegan,pcreeganha@house.gov,176 Meadow Vale Parkway,Washington,District of Columbia,Swallow (unidentified),1,5,10,16
624,eetheridgehb,Emilia,Etheridge,eetheridgehb@amazon.com,41 Norway Maple Avenue,Fairbanks,Alaska,Capybara,2,5,10,13
629,acrosihg,Allyn,Crosi,acrosihg@examiner.com,069 Fieldstone Park,Hattiesburg,Mississippi,Red and blue macaw,4,7,9,13
631,rmacgillicuddyhi,Rivkah,MacGillicuddy,rmacgillicuddyhi@chicagotribune.com,0 Marcy Crossing,Miami,Florida,Coqui francolin,4,7,9,16
632,rmcphilemyhj,Rene,McPhilemy,rmcphilemyhj@redcross.org,0 Carberry Plaza,Aurora,Colorado,European stork,1,7,10,16
635,bludewighm,Brigg,Ludewig,bludewighm@so-net.ne.jp,35 Fordem Center,Bloomington,Indiana,"Lion, steller's sea",4,5,10,14
636,jcumberledgehn,Jody,Cumberledge,jcumberledgehn@auda.org.au,7334 Di Loreto Way,Columbus,Ohio,Southern screamer,2,5,10,14
637,ckoppesho,Callie,Koppes,ckoppesho@is.gd,6 Warner Center,Roanoke,Virginia,Red-necked wallaby,3,8,9,16
638,fcurdshp,Farlay,Curds,fcurdshp@youtube.com,5896 Maywood Plaza,Greensboro,North Carolina,Long-tailed spotted cat,4,7,10,15
639,jquinnellhq,Joana,Quinnell,jquinnellhq@virginia.edu,1 3rd Avenue,Fort Lauderdale,Florida,Brown antechinus,1,7,9,16
640,bwestreyhr,Bobbye,Westrey,bwestreyhr@feedburner.com,747 Tomscot Center,Wichita,Kansas,"Goose, knob-nosed",3,5,9,16
641,spavlitschekhs,Sly,Pavlitschek,spavlitschekhs@twitter.com,85272 Harbort Point,Milwaukee,Wisconsin,Sportive lemur,2,7,10,14
648,tgillingshz,Tiffanie,Gillings,tgillingshz@theatlantic.com,81287 Hollow Ridge Point,Springfield,Missouri,Mexican boa,1,8,9,16
649,bstraceyi0,Brandea,Stracey,bstraceyi0@alibaba.com,9569 Di Loreto Circle,Beaverton,Oregon,"Sungazer, yellow-brown",1,8,9,13
652,ceringeyi3,Collete,Eringey,ceringeyi3@japanpost.jp,21153 Kedzie Road,Gatesville,Texas,"Swan, black",4,8,9,13
653,ibaldassii4,Ilsa,Baldassi,ibaldassii4@redcross.org,8821 Schiller Lane,Camden,New Jersey,"Lion, galapagos sea",2,7,9,14
657,tlelandei8,Tadd,Lelande,tlelandei8@t.co,2 Luster Trail,Virginia Beach,Virginia,Australian masked owl,2,8,9,13
661,bseific,Beverie,Seif,bseific@fotki.com,67 Barby Place,Laurel,Maryland,"Eagle, golden",2,8,10,13
666,cgirardeyih,Chloris,Girardey,cgirardeyih@usatoday.com,8 Graceland Road,Dallas,Texas,Worm snake (unidentified),4,6,9,16
667,sbrendishii,Shani,Brendish,sbrendishii@nhs.uk,6552 Superior Hill,Oklahoma City,Oklahoma,Frog (unidentified),3,7,9,14
668,ehanniganeij,Euell,Hannigane,ehanniganeij@msn.com,2658 Brickson Park Court,Birmingham,Alabama,"Trumpeter, dark-winged",3,7,10,13
674,ebarrittip,Ethan,Barritt,ebarrittip@businessweek.com,4684 Arrowood Road,Memphis,Tennessee,"Skink, blue-tongued",3,8,10,16
677,ejacobowiczis,Ernestine,Jacobowicz,ejacobowiczis@goo.gl,3556 Carey Plaza,Cincinnati,Ohio,"Phalarope, red-necked",4,7,9,15
678,jchalcraftit,Joan,Chalcraft,jchalcraftit@naver.com,32 Farmco Road,Odessa,Texas,"Hornbill, southern ground",2,5,9,16
683,colubyiy,Cristen,O'Luby,colubyiy@java.com,5077 Sycamore Lane,Des Moines,Iowa,American beaver,2,7,9,16
684,ogilberthorpeiz,Omar,Gilberthorpe,ogilberthorpeiz@yellowbook.com,427 Hagan Hill,Arlington,Virginia,"Anteater, giant",2,6,10,13
686,mmalhamj1,Manda,Malham,mmalhamj1@sfgate.com,64931 Stone Corner Center,Mount Vernon,New York,Golden jackal,3,5,9,15
687,sstendallj2,Samantha,Stendall,sstendallj2@cdbaby.com,82765 Lillian Avenue,Naples,Florida,Greater blue-eared starling,2,8,9,14
688,wurenj3,Wenonah,Uren,wurenj3@businessweek.com,33407 Kropf Court,Huntington Beach,California,"Rabbit, eastern cottontail",4,6,10,16
690,ablackadderj5,Annmarie,Blackadder,ablackadderj5@reference.com,75820 Thompson Junction,Bloomington,Illinois,European stork,2,8,9,13
692,ggodbertj7,Gayla,Godbert,ggodbertj7@4shared.com,35396 Dayton Alley,Dallas,Texas,Cobra (unidentified),4,5,10,14
693,dfawksj8,Donnie,Fawks,dfawksj8@ihg.com,2 Annamark Hill,Amarillo,Texas,"Eagle, golden",4,6,9,15
694,eoffnerj9,Edie,Offner,eoffnerj9@cpanel.net,92 Heath Court,El Paso,Texas,"Iguana, land",2,7,10,15
697,bstockingsjc,Brett,Stockings,bstockingsjc@microsoft.com,697 Algoma Place,San Diego,California,Brown antechinus,4,8,9,15
699,mmcmackinje,Mirilla,McMackin,mmcmackinje@opensource.org,4879 Crowley Terrace,Roanoke,Virginia,Uinta ground squirrel,3,5,10,15
701,glanhamjg,Gabriel,Lanham,glanhamjg@bbb.org,2216 Moland Street,Flint,Michigan,Carpet snake,4,8,10,14
704,lchaplingjj,Lorne,Chapling,lchaplingjj@omniture.com,2071 Transport Park,Honolulu,Hawaii,Rose-ringed parakeet,3,6,9,14
707,cfelljm,Clarissa,Fell,cfelljm@umn.edu,11272 Iowa Circle,Bonita Springs,Florida,"Snake, racer",1,8,10,13
708,pbeckersjn,Pepe,Beckers,pbeckersjn@sitemeter.com,6 Mockingbird Way,Denver,Colorado,"Albatross, waved",3,5,10,15
709,iarnaldyjo,Ivan,Arnaldy,iarnaldyjo@hud.gov,125 Schurz Hill,Columbus,Ohio,Red howler monkey,3,5,9,14
711,dbrideljq,Dmitri,Bridel,dbrideljq@oaic.gov.au,4745 Hoffman Drive,San Jose,California,"Tern, royal",4,5,10,15
712,chauxleyjr,Charles,Hauxley,chauxleyjr@ucoz.com,3358 Bonner Alley,Charlottesville,Virginia,Snake (unidentified),4,7,10,15
713,eburnsidejs,Em,Burnside,eburnsidejs@youtube.com,42 Roth Hill,Gastonia,North Carolina,Warthog,3,6,9,15
716,rkilpatrickjv,Rhodia,Kilpatrick,rkilpatrickjv@addthis.com,56483 Hintze Alley,Montgomery,Alabama,Tiger snake,1,6,10,14
718,bcowwelljx,Bryn,Cowwell,bcowwelljx@bandcamp.com,7169 Warbler Avenue,El Paso,Texas,Neotropic cormorant,4,8,10,16
725,afolkerdk4,Arluene,Folkerd,afolkerdk4@slideshare.net,638 Mifflin Crossing,El Paso,Texas,Squirrel glider,3,7,10,14
726,abesterk5,Anastassia,Bester,abesterk5@goo.ne.jp,95 Reindahl Point,Des Moines,Iowa,"Zebra, common",1,6,9,15
727,kmabbek6,Kimberlee,Mabbe,kmabbek6@youtu.be,417 Dottie Trail,Washington,District of Columbia,"Eagle, bateleur",1,7,10,16
728,vgerreyk7,Vittoria,Gerrey,vgerreyk7@desdev.cn,15709 Bashford Court,Syracuse,New York,"Bandicoot, southern brown",1,5,10,14
730,bbarliek9,Brande,Barlie,bbarliek9@liveinternet.ru,537 Hansons Junction,Toledo,Ohio,"Duck, mountain",4,8,10,15
732,bskeenekb,Bertha,Skeene,bskeenekb@earthlink.net,85 Jana Avenue,Colorado Springs,Colorado,"Squirrel, thirteen-lined",1,6,9,15
733,tpiesoldkc,Taddeo,Piesold,tpiesoldkc@icio.us,40 Northland Way,South Bend,Indiana,Steller sea lion,4,6,9,13
735,rbuckieke,Robyn,Buckie,rbuckieke@scribd.com,0 Graedel Parkway,Stamford,Connecticut,Llama,2,7,9,14
736,jdanigelkf,Jeanne,Danigel,jdanigelkf@aol.com,2140 Linden Drive,Fort Wayne,Indiana,Margay,3,5,9,15
737,cughettikg,Clareta,Ughetti,cughettikg@odnoklassniki.ru,82 Merry Pass,Abilene,Texas,Ibex,1,8,10,16
739,kjeffreeki,Kellie,Jeffree,kjeffreeki@qq.com,7531 Maple Street,Irving,Texas,"Salmon, sockeye",3,8,10,14
740,ksnelgrovekj,Kariotta,Snelgrove,ksnelgrovekj@ezinearticles.com,25938 Lyons Pass,Corona,California,Striped skunk,3,5,10,16
744,imaciejakkn,Izzy,Maciejak,imaciejakkn@hao123.com,4 Pine View Parkway,Washington,District of Columbia,American buffalo,2,7,9,15
745,cstanleyko,Colver,Stanley,cstanleyko@yale.edu,47345 Mifflin Center,Chicago,Illinois,"White-eye, pale",1,7,9,14
746,lholbornkp,Lanny,Holborn,lholbornkp@xinhuanet.com,4738 Oxford Parkway,Honolulu,Hawaii,Thomson's gazelle,2,8,10,14
747,ahamiltonkq,Alexei,Hamilton,ahamiltonkq@shareasale.com,1159 Gateway Drive,Chicago,Illinois,"Swan, black",3,6,10,16
750,jroebykt,Jodie,Roeby,jroebykt@dedecms.com,2773 Fieldstone Center,Peoria,Illinois,Small-spotted genet,2,5,10,14
752,gbradbornekv,Gillian,Bradborne,gbradbornekv@hao123.com,1 Southridge Circle,Richmond,Virginia,"Dove, laughing",2,5,10,16
753,sstichallkw,Sherwynd,Stichall,sstichallkw@wsj.com,57700 Macpherson Point,Baltimore,Maryland,Pocket gopher (unidentified),1,8,10,15
756,amephamkz,Alasdair,Mepham,amephamkz@unicef.org,8 Delaware Park,Boston,Massachusetts,Swamp deer,3,6,9,14
757,bskeermerl0,Berget,Skeermer,bskeermerl0@virginia.edu,80 Vermont Trail,Durham,North Carolina,"Goldeneye, common",2,6,10,13
759,gburrowsl2,Gusti,Burrows,gburrowsl2@nih.gov,073 Waubesa Avenue,Milwaukee,Wisconsin,American alligator,4,7,9,14
766,echaizel9,Ettore,Chaize,echaizel9@newsvine.com,22 Tennyson Crossing,Cincinnati,Ohio,Grey fox,1,5,10,14
767,ecoytela,Eldon,Coyte,ecoytela@sciencedirect.com,54455 Merrick Drive,Knoxville,Tennessee,Pocket gopher (unidentified),1,5,9,16
768,wmineghellilb,Ware,Mineghelli,wmineghellilb@patch.com,74 Anderson Lane,Springfield,Illinois,"Raccoon, crab-eating",2,5,9,13
772,lflearlf,Latrena,Flear,lflearlf@free.fr,3153 Lakeland Terrace,Corpus Christi,Texas,"Wombat, southern hairy-nosed",2,8,10,14
774,ejorissenlh,Eben,Jorissen,ejorissenlh@whitehouse.gov,305 1st Center,Norfolk,Virginia,"Cat, african wild",4,7,10,16
775,vtimbridgeli,Vicky,Timbridge,vtimbridgeli@archive.org,13 Briar Crest Lane,Indianapolis,Indiana,Frilled dragon,2,6,10,14
776,cnodenlj,Consolata,Noden,cnodenlj@engadget.com,0 Stephen Alley,Richmond,Virginia,Scottish highland cow,2,7,10,14
779,ehasserlm,Eachelle,Hasser,ehasserlm@ucsd.edu,371 Continental Drive,Spartanburg,South Carolina,Buttermilk snake,4,8,10,13
780,jdolbeyln,Jareb,Dolbey,jdolbeyln@wikipedia.org,7473 Sauthoff Way,Birmingham,Alabama,Rhesus monkey,1,6,10,15
782,lphillerlp,Laraine,Philler,lphillerlp@blogs.com,1 Beilfuss Parkway,Tucson,Arizona,"Toucan, red-billed",3,6,10,16
783,alaidlawlq,Adelice,Laidlaw,alaidlawlq@jalbum.net,9258 Norway Maple Junction,Des Moines,Iowa,Racer snake,1,7,9,14
785,jbalsomls,Joshuah,Balsom,jbalsomls@dmoz.org,9 Holmberg Hill,Chicago,Illinois,Lilac-breasted roller,3,6,10,14
786,gfaireslt,Gilburt,Faires,gfaireslt@illinois.edu,26 Hudson Center,San Diego,California,"Mouse, four-striped grass",2,8,9,15
788,pwhyelv,Pearle,Whye,pwhyelv@kickstarter.com,810 Tony Avenue,Richmond,Virginia,Crowned eagle,3,8,10,13
789,tnilleslw,Tibold,Nilles,tnilleslw@wired.com,56 Iowa Trail,Los Angeles,California,"Sunbird, lesser double-collared",2,6,9,13
792,cbirnielz,Clari,Birnie,cbirnielz@mashable.com,85790 Barby Trail,Lexington,Kentucky,Red-billed toucan,3,5,9,13
793,gwickendenm0,Gennifer,Wickenden,gwickendenm0@youtube.com,9123 Riverside Court,Houston,Texas,African fish eagle,4,8,10,16
794,iamottm1,Izak,Amott,iamottm1@aol.com,3348 South Crossing,Santa Barbara,California,Wild water buffalo,2,7,10,13
797,gbeardshallm4,Gloria,Beardshall,gbeardshallm4@ox.ac.uk,77748 Lakewood Gardens Point,Pueblo,Colorado,"Sheathbill, snowy",1,7,10,14
799,bahernem6,Bertha,Aherne,bahernem6@goo.gl,54 Stephen Way,Davenport,Iowa,Hoary marmot,2,8,9,16
801,jcoolm8,Johannes,Cool,jcoolm8@cnn.com,422 Briar Crest Street,Tacoma,Washington,Golden-mantled ground squirrel,1,8,10,15
803,dbreensma,Daniela,Breens,dbreensma@yahoo.co.jp,8 Packers Lane,Chicago,Illinois,Long-billed cockatoo,2,7,9,15
808,cdrifemf,Claude,Drife,cdrifemf@netvibes.com,56006 Algoma Road,Greensboro,North Carolina,Blue fox,3,7,10,14
809,acamachomg,Aline,Camacho,acamachomg@miibeian.gov.cn,91303 Scofield Way,Stamford,Connecticut,Blackish oystercatcher,3,8,9,13
810,rcallachermh,Rhonda,Callacher,rcallachermh@timesonline.co.uk,6 Starling Hill,Lincoln,Nebraska,Springbok,1,7,10,14
813,lbettymk,Libbie,Betty,lbettymk@amazon.com,21 Texas Lane,Johnson City,Tennessee,Caracara (unidentified),4,6,9,14
815,fchsteneymm,Fanchette,Chsteney,fchsteneymm@eventbrite.com,80459 Jenna Lane,Amarillo,Texas,Hudsonian godwit,3,5,9,16
817,twapplemo,Teodora,Wapple,twapplemo@examiner.com,789 Boyd Terrace,Hayward,California,"Snake, western patch-nosed",2,5,10,13
820,vfortiemr,Vera,Fortie,vfortiemr@sciencedirect.com,21687 Waxwing Plaza,Anaheim,California,Slender loris,4,7,10,13
822,imcginlaymt,Ivy,McGinlay,imcginlaymt@samsung.com,870 Graedel Pass,Tampa,Florida,Worm snake (unidentified),2,6,9,13
824,ddivvermv,Durante,Divver,ddivvermv@google.com.br,710 Oxford Way,Akron,Ohio,Asian lion,2,6,10,14
828,westerbrookmz,Warren,Esterbrook,westerbrookmz@cnet.com,38211 Northwestern Avenue,Richmond,Virginia,"Otter, north american river",1,6,10,15
831,eswaingern2,Elyn,Swainger,eswaingern2@netlog.com,2686 Paget Way,San Mateo,California,Sociable weaver,4,8,9,14
836,kgulyn7,Keriann,Guly,kgulyn7@google.pl,63103 Manufacturers Alley,Evansville,Indiana,"Fox, bat-eared",2,7,10,16
838,trobshawn9,Thorsten,Robshaw,trobshawn9@alibaba.com,90898 East Trail,New York City,New York,"Penguin, magellanic",2,5,9,15
839,jskippenna,Janeta,Skippen,jskippenna@mtv.com,2 Evergreen Park,Sacramento,California,"Barbet, levaillant's",1,6,10,15
846,btuftsnh,Bridget,Tufts,btuftsnh@mediafire.com,8 Mifflin Plaza,Washington,District of Columbia,"Grenadier, common",2,6,9,15
848,ogalgeynj,Ola,Galgey,ogalgeynj@yahoo.co.jp,52028 3rd Court,Wilkes Barre,Pennsylvania,Fat-tailed dunnart,3,7,9,13
852,cboylundnn,Conchita,Boylund,cboylundnn@edublogs.org,7401 Ilene Trail,Trenton,New Jersey,South American meadowlark (unidentified),2,6,10,13
857,khenrins,Kristel,Henri,khenrins@stumbleupon.com,238 Myrtle Circle,Silver Spring,Maryland,"Cormorant, large",3,8,9,14
858,rdominichellint,Rheba,Dominichelli,rdominichellint@netvibes.com,930 Darwin Place,El Paso,Texas,"Lizard, goanna",2,5,10,13
864,ayounienz,Annie,Younie,ayounienz@4shared.com,94 Meadow Ridge Hill,Houston,Florida,"Lizard, collared",4,8,9,15
872,amccooleo7,Ame,McCoole,amccooleo7@photobucket.com,8326 Schurz Center,Oklahoma City,Oklahoma,Sun gazer,1,5,9,13
874,kjosilevicho9,Kylynn,Josilevich,kjosilevicho9@dion.ne.jp,473 Carberry Avenue,Grand Rapids,Michigan,Pied kingfisher,3,8,10,13
881,cheinemannog,Collete,Heinemann,cheinemannog@microsoft.com,86131 Elgar Center,Miami,Florida,"Squirrel, red",3,5,9,14
883,zmarmonoi,Zilvia,Marmon,zmarmonoi@pcworld.com,62 David Way,Brooklyn,New York,"Ferret, black-footed",3,5,9,14
890,ehamerop,Emmi,Hamer,ehamerop@unc.edu,61254 Katie Alley,Springfield,Illinois,North American red fox,4,8,10,15
891,aphilippaultoq,Auroora,Philippault,aphilippaultoq@domainmarket.com,11 Village Green Road,Alexandria,Louisiana,"Squirrel, european red",4,7,9,16
895,laldisou,Leonhard,Aldis,laldisou@seesaa.net,7186 Heffernan Place,Fairbanks,Alaska,"Sandpiper, spotted wood",3,7,9,15
897,mevittow,Marina,Evitt,mevittow@indiegogo.com,27 Blackbird Way,Augusta,Georgia,Feral rock pigeon,3,8,10,13
898,hbasleyox,Husein,Basley,hbasleyox@npr.org,47303 Fallview Pass,Newton,Massachusetts,"Spoonbill, european",1,6,10,16
900,bekelloz,Blaine,Ekell,bekelloz@blogs.com,25 Washington Parkway,Boise,Idaho,"Rhea, gray",1,6,10,13
901,hbrewsterp0,Hurley,Brewster,hbrewsterp0@prlog.org,14 Northwestern Pass,Jacksonville,Florida,Asian elephant,2,6,9,14
902,mmcmahonp1,Merci,McMahon,mmcmahonp1@craigslist.org,1 Gateway Crossing,Pinellas Park,Florida,"Goose, cereopsis",4,5,9,14
906,mbillisonp5,Monro,Billison,mbillisonp5@reverbnation.com,877 John Wall Lane,Shawnee Mission,Kansas,"Goldeneye, common",1,7,10,14
907,amainsp6,Arnaldo,Mains,amainsp6@npr.org,9270 Johnson Park,Norman,Oklahoma,"Cockatoo, red-breasted",1,6,9,13
911,tgibbspa,Tana,Gibbs,tgibbspa@washingtonpost.com,5 Thompson Lane,Minneapolis,Minnesota,"Finch, common melba",2,8,10,16
915,hharriespe,Horten,Harries,hharriespe@fc2.com,535 Debs Lane,Alexandria,Virginia,Spectacled caiman,2,5,9,13
917,cbewickepg,Consuelo,Bewicke,cbewickepg@bing.com,5626 Schmedeman Plaza,Littleton,Colorado,Sambar,3,8,10,16
918,jcherrieph,Josefina,Cherrie,jcherrieph@ow.ly,0 Springview Lane,Fort Smith,Arkansas,"Owl, great horned",1,6,9,16
920,dgoliglypj,Dayle,Goligly,dgoliglypj@networkadvertising.org,0210 Fisk Circle,Tacoma,Washington,Arctic fox,1,5,9,16
921,wmcginlypk,Weylin,McGinly,wmcginlypk@about.me,36 East Point,Dallas,Texas,Asian openbill,4,6,10,16
923,mcostelowpm,Mallory,Costelow,mcostelowpm@smh.com.au,92 Monica Alley,Fargo,North Dakota,"Lizard, goanna",2,6,10,14
926,cwilsteadpp,Concettina,Wilstead,cwilsteadpp@istockphoto.com,6 Londonderry Hill,Charlotte,North Carolina,White-lipped peccary,4,6,9,13
927,cgirkepq,Clim,Girke,cgirkepq@archive.org,7 Logan Center,Peoria,Illinois,Blue-faced booby,3,6,10,15
934,truberrypx,Tawsha,Ruberry,truberrypx@si.edu,96614 Sunbrook Alley,Houston,Texas,Uinta ground squirrel,3,7,10,14
937,chollerinq0,Cassi,Hollerin,chollerinq0@phoca.cz,95041 Lakewood Trail,Charlotte,North Carolina,Bobcat,2,8,9,15
940,eswepstoneq3,Eda,Swepstone,eswepstoneq3@hud.gov,0854 Barnett Avenue,Glendale,California,"Marten, american",1,8,9,14
942,jmatitiahoq5,Jorge,Matitiaho,jmatitiahoq5@artisteer.com,00049 Declaration Crossing,San Jose,California,White-faced tree rat,2,7,10,14
945,lmussoliniq8,Luelle,Mussolini,lmussoliniq8@nytimes.com,9 Sunfield Center,Minneapolis,Minnesota,"Lemur, sportive",3,7,10,14
946,btallq9,Babbie,Tall,btallq9@paypal.com,79575 Parkside Hill,Honolulu,Hawaii,Bahama pintail,2,8,10,13
948,mvanettiqb,Marje,Vanetti,mvanettiqb@slashdot.org,83675 Thackeray Parkway,Corona,California,Giant otter,4,7,9,13
951,cmclagainqe,Cord,McLagain,cmclagainqe@imgur.com,031 Daystar Crossing,Dayton,Ohio,Richardson's ground squirrel,1,8,9,14
952,hbancroftqf,Hanson,Bancroft,hbancroftqf@foxnews.com,5528 Victoria Hill,Riverside,California,Nubian bee-eater,3,7,10,13
955,zmatschkeqi,Zuzana,Matschke,zmatschkeqi@cpanel.net,30580 4th Alley,Charleston,South Carolina,Spotted-tailed quoll,1,5,10,15
958,msurmeyersql,Matthew,Surmeyers,msurmeyersql@psu.edu,8033 Sycamore Way,Charlotte,North Carolina,White-mantled colobus,3,8,10,16
959,bcodlingqm,Bettine,Codling,bcodlingqm@comcast.net,1 Huxley Point,Nashville,Tennessee,Horned lark,2,7,10,13
960,dbarrackqn,Dorena,Barrack,dbarrackqn@histats.com,97 Sloan Hill,Springfield,Ohio,"Eland, common",2,6,10,14
961,mkingsfordqo,Magda,Kingsford,mkingsfordqo@thetimes.co.uk,730 Forster Place,Bakersfield,California,"Antelope, four-horned",4,5,9,15
964,cepinayqr,Cathi,Epinay,cepinayqr@yellowpages.com,48 Raven Court,Houston,Texas,Blue shark,3,6,9,16
966,jclimarqt,Jarrad,Climar,jclimarqt@amazon.com,571 Northland Lane,Chattanooga,Tennessee,"Openbill, asian",2,8,10,16
967,amcgraithqu,Alexandre,McGraith,amcgraithqu@walmart.com,58 Jackson Circle,Shawnee Mission,Kansas,White-throated monitor,1,5,9,15
969,mantonichqw,Maddie,Antonich,mantonichqw@cargocollective.com,17386 Almo Pass,Shreveport,Louisiana,"Goat, mountain",1,8,10,16
971,smcruvieqy,Starlene,McRuvie,smcruvieqy@hostgator.com,20 Mccormick Terrace,Killeen,Texas,"Lizard, mexican beaded",4,7,10,13
973,cdavidsenr0,Constanta,Davidsen,cdavidsenr0@pagesperso-orange.fr,42 Hansons Way,Gilbert,Arizona,"Jackal, golden",2,7,9,15
975,boverburyr2,Biddy,Overbury,boverburyr2@dedecms.com,10 Walton Pass,Omaha,Nebraska,"Cat, tiger",3,6,10,14
976,pdaintyr3,Preston,Dainty,pdaintyr3@yahoo.com,3805 Alpine Lane,Canton,Ohio,Red lava crab,3,8,9,14
978,jklemencicr5,Joell,Klemencic,jklemencicr5@wikia.com,5158 Redwing Drive,Washington,District of Columbia,Smith's bush squirrel,3,7,9,16
980,rboylanr7,Rickie,Boylan,rboylanr7@zdnet.com,2 Jana Hill,Midland,Michigan,Greylag goose,4,8,10,16
983,nlerwellra,Noel,Lerwell,nlerwellra@people.com.cn,7351 Kim Terrace,Burbank,California,Suricate,3,5,10,15
987,bambroschre,Benjie,Ambrosch,bambroschre@scribd.com,20 Michigan Terrace,Iowa City,Iowa,"Phalarope, red-necked",2,8,10,13
989,ibithellrg,Iago,Bithell,ibithellrg@kickstarter.com,83 Blaine Point,Southfield,Michigan,"Otter, oriental short-clawed",4,8,10,15
991,wbartosikri,Winni,Bartosik,wbartosikri@altervista.org,706 Pine View Avenue,Amarillo,Texas,Banded mongoose,1,6,10,16
994,lclearerl,Lindy,Cleare,lclearerl@google.com.br,7669 Nova Circle,Idaho Falls,Idaho,Brush-tailed phascogale,3,6,10,14
995,shedonrm,Sharleen,Hedon,shedonrm@blogs.com,01488 Sullivan Alley,Abilene,Texas,"Lion, asian",2,8,9,16
997,cgoaleyro,Celestia,Goaley,cgoaleyro@list-manage.com,74 Northridge Center,Louisville,Kentucky,African darter,4,5,10,16
998,llairdrp,Lucian,Laird,llairdrp@opera.com,30754 Moose Junction,New Orleans,Louisiana,King vulture,1,8,10,14
999,aloughlanrq,Adelice,Loughlan,aloughlanrq@biblegateway.com,40 Delaware Hill,Marietta,Georgia,"Stork, marabou",1,6,10,13
1000,ewittkerr,Eddy,Wittke,ewittkerr@bizjournals.com,476 Amoth Street,Detroit,Michigan,Blue and yellow macaw,3,6,10,13
